Time (s), Decays (#)
0,10
1,1.353352832
2,0.183156389
3,0.024787522
4,0.003354626
5,0.000453999
6,0.000061442
7,0.000008315
8,0.000001126
9,0.000000152
